row_id,day_index,minute_of_day,temperature,humidity,light,co2,humidity_ratio,occupancy
1,0,0,19.975,39.74,85.943,406.513,0.007556,0
2,0,15,19.675,36.099,27.702,411.429,0.006991,0
3,0,30,20.07,35.986,78.689,416.816,0.006997,0
4,0,45,19.455,36.469,19.124,424.843,0.007031,0
5,0,60,19.715,41.4,42.797,425.407,0.0078,0
6,0,75,19.768,39.896,14.849,418.772,0.007557,0
7,0,90,19.149,37.507,64.397,415.946,0.007153,0
8,0,105,20.235,39.579,62.167,409.197,0.007565,0
9,0,120,20.304,39.534,57.784,414.555,0.007568,0
10,0,135,19.06,37.717,33.49,408.85,0.0072,0
11,0,150,19.87,38.166,87.822,409.283,0.007305,0
12,0,165,19.359,39.224,86.417,408.356,0.007421,0
13,0,180,19.136,36.214,20.211,412.557,0.006975,0
14,0,195,19.514,41.528,55.446,423.814,0.007805,0
15,0,210,19.904,38.957,33.413,426.457,0.00742,0
16,0,225,20.258,40.855,33.125,425.695,0.007736,0
17,0,240,19.406,39.528,62.153,417.374,0.007492,0
18,0,255,19.707,35.953,38.229,407.118,0.006987,0
19,0,270,19.418,36.274,84.753,418.497,0.006978,0
20,0,285,20.007,40.239,21.785,418.133,0.007638,0
21,0,300,19.568,37.136,56.301,423.416,0.007124,0
22,0,315,19.863,38.403,54.476,414.668,0.007339,0
23,0,330,19.317,37.183,16.963,418.192,0.007112,0
24,0,345,19.11,37.283,67.194,412.122,0.007107,0
25,0,360,19.632,40.344,78.83,406.257,0.007606,0
26,0,375,19.652,39.978,69.748,418.557,0.007553,0
27,0,390,20.417,36.785,49.285,417.6,0.007148,0
28,0,405,20.747,37.374,125.656,418.995,0.007248,0
29,0,420,21.054,39.585,144.398,411.775,0.007621,0
30,0,435,20.115,36.031,175.427,407.596,0.007025,0
31,0,450,21.524,39.002,158.585,413.89,0.007558,0
32,0,465,21.268,35.992,193.596,404.88,0.007104,0
33,0,480,21.95,36.175,290.928,422.583,0.007206,1
34,0,495,23.127,31.725,472.078,447.699,0.006626,1
35,0,510,22.452,33.922,339.581,464.883,0.006911,1
36,0,525,22.491,32.058,420.192,493.211,0.006611,1
37,0,540,23.744,34.013,383.497,499.696,0.007035,1
38,0,555,23.642,28.747,436.522,508.519,0.00623,1
39,0,570,23.114,31.434,525.436,523.003,0.006593,1
40,0,585,23.783,33.059,467.504,524.473,0.006878,1
41,0,600,24.739,29.131,471.723,547.273,0.006366,1
42,0,615,23.638,32.115,356.708,533.816,0.006694,0
43,0,630,24.638,31.9,508.33,536.579,0.006766,1
44,0,645,24.26,30.299,456.063,554.847,0.00652,1
45,0,660,23.879,30.716,480.252,570.944,0.00655,1
46,0,675,24.974,26.991,533.859,583.519,0.006055,1
47,0,690,25.074,27.48,469.786,579.946,0.006141,1
48,0,705,24.951,28.29,556.347,584.349,0.006277,1
49,0,720,24.431,29.112,473.08,563.188,0.00633,0
50,0,735,23.73,30.756,369.31,550.598,0.006492,0
51,0,750,24.229,31.212,381.331,525.466,0.006627,0
52,0,765,24.221,29.096,378.414,510.795,0.006298,0
53,0,780,25.515,29.493,563.836,525.241,0.006477,1
54,0,795,25.445,28.962,542.429,546.042,0.006398,1
55,0,810,25.299,26.707,492.859,554.057,0.006055,1
56,0,825,25.104,27.085,499.64,550.307,0.006081,1
57,0,840,24.719,29.452,615.307,561.79,0.006415,1
58,0,855,25.093,30.364,602.884,565.928,0.006569,1
59,0,870,24.364,30.956,626.141,577.848,0.006619,1
60,0,885,25.109,29.816,521.016,581.812,0.006514,1
61,0,900,24.464,28.043,473.117,588.223,0.006194,1
62,0,915,23.832,28.423,465.905,586.87,0.006192,1
63,0,930,24.521,27.439,467.059,590.583,0.006094,1
64,0,945,24.222,31.255,493.567,598.756,0.006641,1
65,0,960,23.421,34.703,309.657,582.75,0.007081,0
66,0,975,23.715,28.152,424.666,589.962,0.006136,1
67,0,990,23.784,28.487,535.656,593.783,0.006177,1
68,0,1005,22.857,30.826,385.664,591.919,0.006483,1
69,0,1020,22.926,29.547,354.085,594.956,0.006306,1
70,0,1035,23.244,33.716,416.089,590.148,0.006918,1
71,0,1050,21.92,32.832,243.287,575.602,0.006665,0
72,0,1065,22.035,37.449,296.219,546.494,0.007373,0
73,0,1080,21.261,36.499,155.582,535.509,0.007181,0
74,0,1095,21.62,36.318,140.935,532.292,0.007189,0
75,0,1110,20.761,36.261,140.564,526.508,0.007113,0
76,0,1125,20.865,38.549,152.075,512.307,0.007461,0
77,0,1140,20.845,37.411,113.721,499.813,0.007288,0
78,0,1155,20.627,35.378,127.359,484.601,0.006955,0
79,0,1170,19.334,40.158,48.582,470.515,0.007582,0
80,0,1185,19.957,37.443,14.038,474.311,0.007196,0
81,0,1200,20.003,39.817,65.256,467.592,0.007585,0
82,0,1215,19.917,37.665,59.851,461.292,0.007244,0
83,0,1230,19.448,39.886,33.757,450.868,0.007524,0
84,0,1245,19.714,40.218,26.553,440.924,0.007609,0
85,0,1260,19.7,37.535,19.444,431.684,0.007195,0
86,0,1275,19.712,37.486,92.841,431.456,0.007208,0
87,0,1290,19.656,40.837,59.221,429.408,0.007696,0
88,0,1305,20.241,38.625,80.058,426.094,0.007396,0
89,0,1320,19.212,39.102,36.522,436.229,0.007387,0
90,0,1335,20.046,37.214,54.896,433.193,0.007183,0
91,0,1350,19.415,39.428,62.209,436.892,0.007485,0
92,0,1365,19.876,36.83,25.6,425.516,0.007095,0
93,0,1380,19.396,37.246,70.384,429.32,0.007137,0
94,0,1395,20.042,39.45,66.539,437.742,0.007518,0
95,0,1410,20.199,40.579,16.998,428.264,0.007695,0
96,0,1425,19.393,36.646,68.849,431.666,0.007066,0
97,1,0,19.288,41.505,32.031,421.275,0.007787,0
98,1,15,19.962,45.298,67.472,416.052,0.008373,0
99,1,30,19.573,44.83,26.245,418.403,0.008296,0
100,1,45,19.178,41.567,67.291,426.464,0.007762,0
101,1,60,19.955,44.256,57.208,424.695,0.008227,0
102,1,75,19.251,42.582,94.002,427.6,0.007929,0
103,1,90,19.196,43.936,63.534,432.408,0.008114,0
104,1,105,19.296,43.611,21.2,441.328,0.00809,0
105,1,120,19.442,42.793,18.83,449.598,0.007991,0
106,1,135,19.808,42.491,71.195,446.242,0.007949,0
107,1,150,19.043,42.787,43.221,452.374,0.007942,0
108,1,165,19.085,44.124,45.855,458.042,0.008146,0
109,1,180,19.114,42.987,94.908,453.249,0.007963,0
110,1,195,19.443,42.744,49.249,445.339,0.007955,0
111,1,210,19.03,44.043,14.666,447.681,0.008137,0
112,1,225,19.589,44.297,93.389,444.257,0.008193,0
113,1,240,19.857,44.596,47.986,441.917,0.008276,0
114,1,255,19.577,40.565,50.437,449.609,0.007644,0
115,1,270,19.833,44.473,83.185,443.417,0.00825,0
116,1,285,19.86,39.901,16.747,443.492,0.007591,0
117,1,300,19.29,40.252,64.235,448.87,0.007579,0
118,1,315,18.786,44.159,35.643,442.652,0.008112,0
119,1,330,19.756,40.652,17.633,448.092,0.007683,0
120,1,345,18.912,42.283,32.334,439.338,0.007836,0
121,1,360,19.607,40.585,48.105,433.62,0.00766,0
122,1,375,19.078,44.379,29.92,429.449,0.008183,0
123,1,390,19.752,44.702,58.107,438.83,0.008292,0
124,1,405,20.146,42.813,57.422,438.911,0.008034,0
125,1,420,20.541,41.547,102.702,439.647,0.00788,0
126,1,435,20.604,42.354,145.434,446.165,0.008007,0
127,1,450,20.741,41.279,119.472,438.517,0.007861,0
128,1,465,20.924,42.147,175.358,445.392,0.008009,0
129,1,480,22.08,39.062,346.909,461.597,0.00763,1
130,1,495,22.796,38.153,384.454,489.685,0.007579,1
131,1,510,22.593,36.209,496.049,507.914,0.007262,1
132,1,525,22.409,33.382,530.597,521.516,0.006837,1
133,1,540,24.089,34.531,386.753,535.609,0.007145,1
134,1,555,23.653,33.213,525.991,548.286,0.006904,1
135,1,570,22.884,34.41,390.876,555.458,0.007008,1
136,1,585,24.033,37.063,468.289,564.589,0.007509,1
137,1,600,23.537,32.477,419.721,577.695,0.006773,1
138,1,615,23.199,35.516,442.062,573.342,0.007206,1
139,1,630,22.592,37.4,325.42,547.187,0.007433,0
140,1,645,22.608,33.677,442.738,535.468,0.006841,0
141,1,660,22.976,33.017,321.75,526.929,0.006792,0
142,1,675,24.326,30.746,502.919,546.697,0.00656,1
143,1,690,24.344,35.354,472.907,553.831,0.007267,1
144,1,705,23.921,30.255,525.027,551.016,0.006463,1
145,1,720,24.181,34.347,382.086,537.614,0.007071,0
146,1,735,23.937,35.314,365.976,522.434,0.007201,0
147,1,750,23.096,33.597,406.605,507.377,0.006873,0
148,1,765,23.115,31.705,414.493,503.75,0.006607,0
149,1,780,24.16,31.431,543.889,522.007,0.006682,1
150,1,795,24.451,32.701,505.304,536.014,0.00687,1
151,1,810,24.964,32.722,553.543,552.486,0.006944,1
152,1,825,23.972,34.78,552.588,554.271,0.007142,1
153,1,840,23.896,34.547,526.545,558.776,0.007099,1
154,1,855,24.705,32.153,502.565,573.464,0.006828,1
155,1,870,23.817,30.837,639.696,581.676,0.006542,1
156,1,885,24.014,34.363,470.157,583.533,0.007087,1
157,1,900,23.614,32.555,502.692,575.878,0.006784,1
158,1,915,23.866,30.617,505.83,572.838,0.006517,1
159,1,930,24.359,31.233,505.209,567.228,0.006635,1
160,1,945,23.916,35.084,456.688,563.894,0.007177,1
161,1,960,24.101,36.565,416.862,577.006,0.007422,1
162,1,975,23.26,33.641,424.409,573.664,0.006927,1
163,1,990,23.137,36.16,451.35,584.955,0.007284,1
164,1,1005,23.488,36.124,382.765,593.963,0.007317,1
165,1,1020,23.508,36.0,405.821,598.627,0.007315,1
166,1,1035,22.68,34.938,479.394,590.228,0.007075,1
167,1,1050,21.976,35.792,377.129,577.617,0.007131,0
168,1,1065,21.707,40.814,204.916,565.519,0.007865,0
169,1,1080,20.65,36.592,157.892,556.837,0.007134,0
170,1,1095,20.447,38.094,167.538,539.084,0.007351,0
171,1,1110,20.355,39.467,140.323,526.947,0.00756,0
172,1,1125,19.87,41.458,116.529,519.036,0.007814,0
173,1,1140,19.936,41.411,84.988,503.848,0.007825,0
174,1,1155,20.028,43.896,79.307,491.073,0.008198,0
175,1,1170,20.082,43.28,90.882,483.125,0.008104,0
176,1,1185,19.225,40.655,31.178,485.399,0.007636,0
177,1,1200,18.826,44.429,19.496,483.51,0.008184,0
178,1,1215,19.464,43.992,177.008,477.377,0.008142,0
179,1,1230,19.778,40.627,47.765,468.53,0.007683,0
180,1,1245,19.096,43.892,48.71,463.455,0.008104,0
181,1,1260,19.812,41.76,90.559,468.898,0.007847,0
182,1,1275,19.412,45.111,79.619,469.658,0.008305,0
183,1,1290,19.862,42.806,19.618,471.309,0.008024,0
184,1,1305,19.081,44.77,23.377,463.776,0.00826,0
185,1,1320,19.18,39.85,15.474,458.567,0.007501,0
186,1,1335,18.763,44.913,81.491,457.238,0.00825,0
187,1,1350,19.805,43.598,22.659,457.291,0.008122,0
188,1,1365,19.059,44.376,57.1,457.816,0.008182,0
189,1,1380,19.117,39.968,46.265,459.743,0.007523,0
190,1,1395,19.502,39.792,54.292,449.297,0.007515,0
191,1,1410,19.039,42.033,66.807,436.665,0.007847,0
192,1,1425,19.386,45.235,57.549,432.255,0.008335,0
193,2,0,20.035,45.529,72.567,433.606,0.008443,0
194,2,15,19.068,46.656,79.335,424.825,0.008535,0
195,2,30,19.831,48.143,16.3,430.322,0.008806,0
196,2,45,19.269,43.833,89.403,429.422,0.008136,0
197,2,60,19.989,44.668,40.986,434.47,0.008314,0
198,2,75,19.488,48.579,73.438,441.416,0.008841,0
199,2,90,19.657,48.774,54.619,445.471,0.008898,0
200,2,105,20.079,46.653,37.982,433.176,0.008611,0
201,2,120,19.564,47.461,40.53,421.527,0.008699,0
202,2,135,19.367,49.086,90.624,411.994,0.008918,0
203,2,150,19.893,48.934,22.993,415.322,0.008943,0
204,2,165,20.022,45.65,43.16,417.362,0.008453,0
205,2,180,19.494,47.872,59.209,418.327,0.008736,0
206,2,195,19.157,47.718,52.92,416.042,0.008693,0
207,2,210,19.59,49.178,34.988,425.679,0.008944,0
208,2,225,19.598,48.631,48.389,415.929,0.00887,0
209,2,240,19.462,43.962,56.542,425.027,0.008165,0
210,2,255,19.839,48.043,53.735,416.094,0.008782,0
211,2,270,19.044,46.701,41.989,423.243,0.008531,0
212,2,285,19.412,49.196,71.385,423.419,0.008943,0
213,2,300,20.274,47.195,48.798,426.971,0.008695,0
214,2,315,19.842,44.617,92.166,424.652,0.008296,0
215,2,330,19.209,44.52,38.104,428.699,0.008209,0
216,2,345,20.11,45.002,64.345,428.774,0.008344,0
217,2,360,19.663,44.543,90.095,420.113,0.008261,0
218,2,375,20.133,46.7,82.505,409.724,0.008597,0
219,2,390,20.135,47.336,68.301,414.015,0.008711,0
220,2,405,20.782,45.245,120.896,418.803,0.008441,0
221,2,420,20.358,44.757,90.245,421.293,0.008335,0
222,2,435,21.15,47.019,103.645,418.29,0.008747,0
223,2,450,20.619,42.464,120.033,413.88,0.008014,0
224,2,465,21.632,41.498,158.271,416.323,0.007948,0
225,2,480,22.407,41.236,310.116,429.074,0.008016,1
226,2,495,22.42,38.278,343.71,459.197,0.007561,1
227,2,510,22.739,42.502,380.642,483.098,0.008209,1
228,2,525,23.108,37.552,378.679,504.143,0.007493,1
229,2,540,23.858,38.943,539.228,513.306,0.007788,1
230,2,555,23.434,36.605,379.396,521.236,0.007384,1
231,2,570,23.393,39.418,396.209,542.681,0.007814,1
232,2,585,23.832,39.606,421.614,557.706,0.007862,1
233,2,600,24.339,39.374,467.255,553.568,0.007872,1
234,2,615,24.206,39.048,470.618,553.091,0.007819,1
235,2,630,24.48,34.905,632.47,551.338,0.007195,1
236,2,645,24.257,38.811,520.404,566.579,0.007792,1
237,2,660,23.262,39.648,361.489,544.892,0.007795,0
238,2,675,24.946,38.071,514.635,556.958,0.007731,1
239,2,690,24.325,39.302,492.798,558.681,0.00785,1
240,2,705,25.323,38.154,496.901,556.521,0.007776,1
241,2,720,24.413,39.78,368.372,535.466,0.007929,0
242,2,735,23.844,36.307,393.154,531.137,0.007361,0
243,2,750,23.572,38.856,395.344,520.835,0.007696,0
244,2,765,24.28,35.091,518.663,518.175,0.007202,0
245,2,780,24.544,38.746,514.978,532.404,0.007812,1
246,2,795,25.218,38.608,564.145,534.567,0.007844,1
247,2,810,24.773,36.179,564.412,553.786,0.007446,1
248,2,825,24.961,38.98,506.817,582.692,0.007866,1
249,2,840,24.781,34.654,488.436,578.543,0.007199,1
250,2,855,25.137,36.88,537.542,575.179,0.007577,1
251,2,870,24.145,37.601,483.32,571.451,0.007585,1
252,2,885,24.922,39.376,485.96,580.98,0.007901,1
253,2,900,23.993,35.958,606.404,584.518,0.007349,1
254,2,915,24.914,36.124,614.709,581.397,0.007417,1
255,2,930,24.136,37.804,472.37,585.655,0.007628,1
256,2,945,24.59,35.467,459.129,593.059,0.00729,1
257,2,960,24.56,38.519,422.047,602.71,0.007763,1
258,2,975,23.259,38.496,464.361,602.561,0.007656,1
259,2,990,24.616,40.035,415.818,621.815,0.008004,1
260,2,1005,23.466,41.918,446.39,622.316,0.008202,1
261,2,1020,22.586,43.916,271.71,596.286,0.008414,0
262,2,1035,22.877,40.964,391.912,598.796,0.008001,1
263,2,1050,21.867,43.336,203.238,566.417,0.008231,0
264,2,1065,21.653,44.306,187.93,545.463,0.008369,0
265,2,1080,20.884,44.676,184.414,536.26,0.008388,0
266,2,1095,21.638,39.092,315.98,549.581,0.007597,1
267,2,1110,20.576,42.293,184.454,524.273,0.00799,0
268,2,1125,20.982,43.343,142.886,515.556,0.008173,0
269,2,1140,20.645,43.283,98.35,494.431,0.008162,0
270,2,1155,20.352,44.933,94.934,495.889,0.008386,0
271,2,1170,19.703,45.372,45.841,484.065,0.008392,0
272,2,1185,19.428,47.506,80.871,485.501,0.008683,0
273,2,1200,19.184,44.958,28.08,480.869,0.008295,0
274,2,1215,19.952,44.665,33.551,477.385,0.0083,0
275,2,1230,20.0,47.654,57.943,470.046,0.008763,0
276,2,1245,19.03,48.846,91.815,455.621,0.008869,0
277,2,1260,19.796,44.744,87.871,452.492,0.008306,0
278,2,1275,19.477,45.063,54.077,448.533,0.008302,0
279,2,1290,20.102,48.719,42.139,443.216,0.008918,0
280,2,1305,19.349,48.833,59.648,438.617,0.008859,0
281,2,1320,20.093,46.394,65.987,440.449,0.008557,0
282,2,1335,19.844,46.346,25.132,444.485,0.008526,0
283,2,1350,20.202,46.634,64.912,431.839,0.008593,0
284,2,1365,19.879,47.879,45.641,437.954,0.008761,0
285,2,1380,19.667,45.688,62.898,439.468,0.008431,0
286,2,1395,19.019,46.688,11.995,437.779,0.008516,0
287,2,1410,20.067,47.373,78.718,444.661,0.008696,0
288,2,1425,19.259,46.546,79.478,436.583,0.008519,0
289,3,0,18.752,42.829,82.221,437.975,0.007939,0
290,3,15,18.951,42.093,15.714,425.026,0.007817,0
291,3,30,19.478,42.167,83.069,415.521,0.007884,0
292,3,45,19.587,43.969,50.942,406.083,0.008145,0
293,3,60,19.191,39.182,89.016,403.671,0.007431,0
294,3,75,19.385,41.229,17.463,398.205,0.007725,0
295,3,90,19.624,40.856,74.471,392.899,0.007718,0
296,3,105,19.725,39.299,47.715,403.602,0.007466,0
297,3,120,18.974,43.33,13.489,400.583,0.008037,0
298,3,135,19.682,41.417,68.094,406.448,0.00777,0
299,3,150,19.385,39.458,23.955,412.731,0.007475,0
300,3,165,18.597,39.027,36.894,410.521,0.007333,0
301,3,180,19.042,42.105,45.276,401.237,0.007833,0
302,3,195,18.88,41.156,35.515,401.02,0.007667,0
303,3,210,19.73,42.201,25.245,400.674,0.007894,0
304,3,225,18.541,41.432,46.373,402.646,0.007681,0
305,3,240,19.271,42.324,27.426,396.082,0.007882,0
306,3,255,19.265,43.501,38.682,395.316,0.008079,0
307,3,270,18.635,40.794,90.571,391.697,0.007602,0
308,3,285,18.837,42.89,52.245,396.763,0.00793,0
309,3,300,18.969,39.636,58.363,401.58,0.007465,0
310,3,315,19.697,41.583,70.503,402.436,0.007805,0
311,3,330,19.493,41.289,52.941,407.477,0.007743,0
312,3,345,19.484,39.412,94.219,408.523,0.007467,0
313,3,360,19.358,42.043,77.421,406.81,0.007871,0
314,3,375,18.596,43.25,68.424,405.203,0.007981,0
315,3,390,19.618,40.678,96.533,417.225,0.007668,0
316,3,405,19.651,40.846,102.066,419.213,0.007697,0
317,3,420,20.0,40.248,102.085,408.848,0.007621,0
318,3,435,19.63,42.224,104.561,406.048,0.007902,0
319,3,450,20.339,38.929,170.429,403.738,0.007459,0
320,3,465,21.059,39.633,187.646,398.305,0.007649,0
321,3,480,21.394,36.978,364.709,417.809,0.007274,1
322,3,495,21.448,36.834,318.714,442.901,0.007256,1
323,3,510,22.679,33.31,328.079,471.136,0.006818,1
324,3,525,22.959,35.495,390.007,489.933,0.007185,1
325,3,540,22.842,36.694,411.759,499.885,0.007356,1
326,3,555,22.629,32.776,546.133,513.337,0.006743,1
327,3,570,23.242,35.267,436.76,535.934,0.007172,1
328,3,585,23.175,31.338,426.59,534.033,0.00656,1
329,3,600,23.395,34.546,444.372,550.627,0.007073,1
330,3,615,23.883,31.947,466.761,561.852,0.006721,1
331,3,630,23.191,30.767,497.93,574.742,0.006485,1
332,3,645,24.482,35.414,451.683,597.635,0.007301,1
333,3,660,23.741,34.213,489.231,609.985,0.007062,1
334,3,675,23.847,33.414,513.749,602.639,0.006925,1
335,3,690,23.937,30.827,633.055,599.643,0.006567,1
336,3,705,24.839,32.904,481.929,611.066,0.006954,1
337,3,720,22.786,35.524,364.947,592.789,0.007165,0
338,3,735,23.42,32.08,382.708,570.998,0.006691,0
339,3,750,23.067,35.748,381.738,562.784,0.007201,0
340,3,765,23.677,33.03,408.222,542.531,0.006831,0
341,3,780,24.009,30.252,557.581,547.058,0.006482,1
342,3,795,24.614,29.033,495.798,560.856,0.006342,1
343,3,810,23.706,34.17,502.731,570.903,0.007027,1
344,3,825,24.026,32.541,503.946,572.775,0.006839,1
345,3,840,24.53,30.285,534.035,581.723,0.006505,1
346,3,855,24.442,29.152,532.36,592.093,0.006368,1
347,3,870,23.979,33.346,596.402,590.135,0.006955,1
348,3,885,23.564,34.994,472.596,593.19,0.007135,1
349,3,900,24.104,30.487,486.932,599.312,0.006536,1
350,3,915,24.538,32.022,523.993,607.914,0.006772,1
351,3,930,24.424,33.53,498.254,623.754,0.007017,1
352,3,945,23.566,34.596,446.427,612.304,0.007111,1
353,3,960,23.401,34.038,573.835,622.537,0.007017,1
354,3,975,23.328,33.084,453.798,626.813,0.006867,1
355,3,990,23.356,31.607,507.638,642.56,0.00663,1
356,3,1005,23.144,32.213,412.956,641.205,0.006695,1
357,3,1020,23.09,35.141,385.278,640.415,0.007152,1
358,3,1035,23.386,37.28,341.186,639.062,0.00748,1
359,3,1050,21.592,38.808,194.565,617.349,0.007557,0
360,3,1065,21.428,39.131,181.164,585.459,0.007595,0
361,3,1080,21.189,35.708,216.995,560.588,0.007034,0
362,3,1095,20.056,38.553,161.016,543.709,0.00739,0
363,3,1110,19.853,39.69,172.614,522.888,0.007542,0
364,3,1125,19.797,39.599,124.831,502.844,0.007541,0
365,3,1140,20.423,41.593,108.335,488.982,0.007869,0
366,3,1155,19.088,40.028,95.474,489.547,0.007519,0
367,3,1170,19.978,38.827,72.375,476.412,0.007436,0
368,3,1185,18.496,40.067,60.545,465.329,0.007495,0
369,3,1200,19.1,43.325,27.415,468.699,0.008037,0
370,3,1215,19.291,40.303,195.1,474.526,0.007604,0
371,3,1230,19.613,43.753,227.086,463.469,0.008133,0
372,3,1245,18.536,44.581,70.779,449.3,0.008187,0
373,3,1260,19.37,41.084,92.863,436.652,0.007696,0
374,3,1275,18.556,42.178,47.539,444.866,0.007801,0
375,3,1290,19.499,42.922,72.77,437.88,0.007989,0
376,3,1305,19.472,42.273,24.054,428.35,0.007897,0
377,3,1320,19.712,40.161,36.898,422.178,0.007586,0
378,3,1335,19.533,42.901,14.388,429.307,0.007991,0
379,3,1350,18.921,41.874,67.883,422.914,0.007814,0
380,3,1365,19.046,43.187,31.988,421.729,0.008014,0
381,3,1380,19.538,44.501,21.98,428.643,0.008233,0
382,3,1395,19.215,40.448,79.271,417.085,0.007587,0
383,3,1410,18.626,44.067,80.666,413.729,0.008082,0
384,3,1425,19.204,43.6,44.18,404.13,0.008084,0
385,4,0,19.186,37.662,63.011,400.442,0.007176,0
386,4,15,18.117,39.034,22.528,396.177,0.00732,0
387,4,30,19.081,41.919,94.11,405.238,0.007809,0
388,4,45,19.224,40.281,43.624,399.965,0.007573,0
389,4,60,19.05,37.796,94.289,403.017,0.007204,0
390,4,75,18.168,41.146,33.388,412.013,0.007642,0
391,4,90,18.323,42.208,77.981,409.777,0.007811,0
392,4,105,18.808,41.983,69.601,420.112,0.007783,0
393,4,120,18.771,40.621,26.812,430.834,0.00761,0
394,4,135,18.675,37.973,30.54,423.348,0.007191,0
395,4,150,18.3,38.198,71.223,432.159,0.007208,0
396,4,165,18.8,42.604,76.047,438.323,0.007909,0
397,4,180,19.262,39.683,19.487,431.763,0.007479,0
398,4,195,19.067,42.847,65.531,423.184,0.007971,0
399,4,210,19.061,38.718,60.472,415.66,0.007325,0
400,4,225,18.985,42.781,90.691,413.796,0.007956,0
401,4,240,18.821,42.626,92.273,408.4,0.007902,0
402,4,255,19.007,38.801,93.52,402.485,0.007356,0
403,4,270,18.869,42.433,48.517,399.422,0.007864,0
404,4,285,18.178,37.475,43.419,407.008,0.007094,0
405,4,300,18.53,40.525,19.52,408.116,0.007576,0
406,4,315,18.249,37.881,82.044,405.03,0.007135,0
407,4,330,18.259,39.57,72.487,407.861,0.007412,0
408,4,345,18.836,40.171,13.603,419.052,0.007519,0
409,4,360,18.17,38.619,26.959,423.504,0.007255,0
410,4,375,18.431,38.743,17.355,424.662,0.0073,0
411,4,390,18.873,38.56,88.917,426.308,0.007282,0
412,4,405,18.946,36.869,124.179,421.334,0.007042,0
413,4,420,18.933,38.962,88.638,429.655,0.007354,0
414,4,435,19.663,36.693,115.22,418.853,0.007087,0
415,4,450,19.746,37.977,193.44,420.964,0.007278,0
416,4,465,20.079,37.472,203.585,420.295,0.007242,0
417,4,480,22.539,36.313,326.375,463.269,0.007282,1
418,4,495,21.974,32.832,504.826,491.265,0.006715,1
419,4,510,21.773,37.014,372.219,512.863,0.007304,1
420,4,525,21.921,33.235,483.716,519.596,0.006757,1
421,4,540,22.298,32.956,387.269,522.705,0.006751,1
422,4,555,22.543,30.786,391.917,533.964,0.006435,1
423,4,570,22.787,30.064,405.693,535.253,0.006357,1
424,4,585,23.199,30.837,459.074,564.881,0.006517,1
425,4,600,21.696,33.634,332.939,538.656,0.006796,0
426,4,615,23.556,30.386,456.611,550.42,0.00645,1
427,4,630,23.61,33.453,501.786,557.905,0.006913,1
428,4,645,23.858,33.265,565.512,557.397,0.006932,1
429,4,660,24.061,32.055,475.363,570.827,0.006753,1
430,4,675,23.455,31.229,595.514,583.678,0.006584,1
431,4,690,24.034,31.58,491.744,584.341,0.006666,1
432,4,705,23.979,31.365,496.533,585.43,0.006624,1
433,4,720,23.385,32.769,514.47,554.764,0.006776,0
434,4,735,23.085,31.418,379.538,535.264,0.00655,0
435,4,750,22.801,29.547,393.704,525.004,0.00627,0
436,4,765,22.694,29.537,357.796,523.148,0.006252,0
437,4,780,24.473,28.891,500.594,539.41,0.006327,1
438,4,795,24.165,31.044,548.021,551.3,0.00663,1
439,4,810,23.331,31.24,533.788,551.522,0.006581,1
440,4,825,24.428,31.107,525.528,566.139,0.006654,1
441,4,840,23.366,28.892,666.875,577.186,0.00621,1
442,4,855,23.599,31.737,619.725,587.462,0.006662,1
443,4,870,23.672,32.575,516.818,599.941,0.006783,1
444,4,885,23.467,29.574,465.138,608.941,0.006319,1
445,4,900,24.046,30.671,478.925,613.813,0.006556,1
446,4,915,23.576,28.367,586.057,619.102,0.006148,1
447,4,930,22.738,32.038,486.034,615.884,0.006663,1
448,4,945,23.568,28.957,448.668,633.909,0.006237,1
449,4,960,23.233,31.11,420.29,628.478,0.006549,1
450,4,975,22.546,33.583,446.526,622.693,0.006877,1
451,4,990,22.462,30.909,462.198,630.371,0.006449,1
452,4,1005,22.766,33.523,502.079,624.991,0.006876,1
453,4,1020,21.314,32.578,301.009,603.955,0.006598,0
454,4,1035,20.911,35.774,241.171,574.25,0.007047,0
455,4,1050,21.068,34.641,235.405,547.757,0.006895,0
456,4,1065,20.138,34.159,303.825,525.821,0.006725,0
457,4,1080,20.68,35.667,152.508,513.042,0.006993,0
458,4,1095,19.539,38.235,206.944,509.252,0.007305,0
459,4,1110,19.964,38.997,120.409,493.172,0.007436,0
460,4,1125,19.662,35.985,107.336,474.259,0.006962,0
461,4,1140,19.774,36.447,136.797,457.757,0.007063,0
462,4,1155,19.031,38.861,105.534,461.553,0.007335,0
463,4,1170,18.838,42.299,56.141,454.052,0.007866,0
464,4,1185,19.101,38.046,71.664,440.256,0.007253,0
465,4,1200,18.806,41.96,67.985,430.813,0.007794,0
466,4,1215,19.228,42.164,247.769,425.59,0.00788,0
467,4,1230,18.098,38.933,37.396,429.42,0.007295,0
468,4,1245,18.772,42.944,67.267,424.732,0.007944,0
469,4,1260,18.898,38.86,40.043,428.043,0.007336,0
470,4,1275,19.322,37.773,65.045,419.53,0.007226,0
471,4,1290,18.135,40.221,31.235,429.93,0.007466,0
472,4,1305,18.562,38.784,49.564,435.366,0.0073,0
473,4,1320,18.192,40.253,65.883,424.78,0.00749,0
474,4,1335,18.156,40.851,63.002,419.908,0.007581,0
475,4,1350,19.273,39.502,15.559,413.823,0.007465,0
476,4,1365,18.653,41.148,71.137,406.073,0.007675,0
477,4,1380,19.117,42.869,35.527,408.228,0.007968,0
478,4,1395,18.22,41.482,71.611,400.993,0.007684,0
479,4,1410,18.549,40.027,76.639,408.044,0.007472,0
480,4,1425,19.127,40.765,75.86,408.389,0.007651,0
481,5,0,19.746,42.065,81.461,409.407,0.00789,0
482,5,15,20.435,40.918,21.784,408.201,0.007777,0
483,5,30,20.183,42.312,87.936,415.389,0.007952,0
484,5,45,20.272,37.574,45.671,420.343,0.007268,0
485,5,60,20.802,40.814,89.583,423.219,0.007774,0
486,5,75,20.132,40.592,93.432,426.134,0.007718,0
487,5,90,20.102,37.473,40.588,424.966,0.007232,0
488,5,105,20.655,41.539,35.018,432.011,0.007896,0
489,5,120,19.872,40.581,27.792,436.074,0.007663,0
490,5,135,20.774,40.694,35.792,439.724,0.007747,0
491,5,150,20.811,40.968,83.647,442.69,0.007813,0
492,5,165,20.721,38.438,66.817,449.35,0.007419,0
493,5,180,20.089,39.919,12.089,440.358,0.0076,0
494,5,195,20.762,41.931,70.189,441.163,0.007961,0
495,5,210,20.692,42.227,35.711,431.526,0.007997,0
496,5,225,20.351,38.939,46.995,431.388,0.007454,0
497,5,240,20.113,40.801,24.004,422.403,0.007722,0
498,5,255,20.483,40.534,52.206,423.714,0.007713,0
499,5,270,19.969,37.857,16.727,423.381,0.007273,0
500,5,285,19.971,38.022,38.878,419.913,0.00729,0
501,5,300,20.979,41.44,93.415,409.117,0.007901,0
502,5,315,20.481,40.305,91.547,414.439,0.007677,0
503,5,330,20.185,39.852,34.758,424.156,0.007606,0
504,5,345,20.262,37.073,86.456,416.892,0.007182,0
505,5,360,20.926,39.84,11.616,407.706,0.007657,0
506,5,375,20.262,37.354,58.357,413.641,0.007243,0
507,5,390,21.184,40.452,46.223,413.507,0.007756,0
508,5,405,21.244,38.895,101.599,408.295,0.007524,0
509,5,420,21.022,35.369,129.665,410.466,0.006993,0
510,5,435,21.465,38.711,98.758,421.027,0.007508,0
511,5,450,21.057,38.59,148.665,418.596,0.007479,0
512,5,465,21.357,36.022,197.755,419.771,0.00713,0
513,5,480,22.599,37.824,210.461,417.007,0.0075,0
514,5,495,21.641,36.265,332.26,427.2,0.007163,0
515,5,510,22.389,36.106,227.586,418.877,0.007196,0
516,5,525,23.102,36.842,272.838,428.524,0.007394,0
517,5,540,22.351,32.216,278.406,427.219,0.006614,0
518,5,555,23.262,36.321,379.579,425.267,0.007314,0
519,5,570,23.114,32.685,283.536,413.741,0.006742,0
520,5,585,23.906,31.318,323.001,422.806,0.006609,0
521,5,600,24.205,31.938,480.17,453.161,0.006733,1
522,5,615,24.227,28.659,423.167,472.139,0.006238,1
523,5,630,25.446,31.045,478.472,499.655,0.006711,1
524,5,645,25.4,31.806,467.524,512.12,0.006823,1
525,5,660,25.615,31.985,503.928,516.514,0.006867,1
526,5,675,25.473,32.681,522.414,527.369,0.006954,1
527,5,690,25.186,27.322,605.167,546.255,0.006128,1
528,5,705,26.057,28.744,653.044,554.374,0.006429,1
529,5,720,25.071,30.463,509.659,564.423,0.006609,1
530,5,735,25.566,28.68,555.802,569.603,0.006367,1
531,5,750,25.145,27.065,659.788,568.104,0.006079,1
532,5,765,25.25,31.134,667.935,572.725,0.006709,1
533,5,780,23.987,28.519,401.173,546.943,0.006202,0
534,5,795,24.287,29.299,552.926,533.896,0.00634,0
535,5,810,24.298,28.814,388.469,531.069,0.006281,0
536,5,825,24.927,32.999,363.192,521.253,0.006935,0
537,5,840,24.613,29.79,376.353,500.491,0.006426,0
538,5,855,23.977,29.168,378.903,493.357,0.006275,0
539,5,870,24.332,29.512,503.49,491.759,0.006389,0
540,5,885,24.097,29.205,370.101,477.197,0.006321,0
541,5,900,24.476,33.433,375.872,461.483,0.006958,0
542,5,915,23.765,34.31,342.407,449.664,0.007056,0
543,5,930,23.278,33.322,475.593,442.054,0.006855,0
544,5,945,24.239,32.309,317.316,434.47,0.006793,0
545,5,960,23.603,32.314,321.072,427.316,0.006728,0
546,5,975,23.925,34.258,324.248,425.264,0.007061,0
547,5,990,23.08,33.996,306.111,429.181,0.006932,0
548,5,1005,22.645,36.465,389.456,418.489,0.00727,0
549,5,1020,23.543,35.104,261.221,423.326,0.007153,0
550,5,1035,22.633,33.199,256.5,429.613,0.006782,0
551,5,1050,22.153,33.438,187.561,422.723,0.006768,0
552,5,1065,22.094,35.136,216.37,422.787,0.007047,0
553,5,1080,21.78,38.019,226.059,419.11,0.007464,0
554,5,1095,21.433,39.039,179.058,413.961,0.007567,0
555,5,1110,21.327,39.608,179.348,424.734,0.007662,0
556,5,1125,21.606,40.195,139.967,430.105,0.007768,0
557,5,1140,21.058,38.561,75.405,420.45,0.007451,0
558,5,1155,21.092,37.057,79.824,430.416,0.007247,0
559,5,1170,20.285,36.79,89.898,436.23,0.007124,0
560,5,1185,20.17,41.781,35.788,444.119,0.007888,0
561,5,1200,19.943,40.945,84.31,434.774,0.007725,0
562,5,1215,19.886,37.425,88.296,436.869,0.007211,0
563,5,1230,20.387,37.064,51.513,437.499,0.00719,0
564,5,1245,20.812,39.576,93.689,444.551,0.007593,0
565,5,1260,19.753,41.303,51.179,442.502,0.007776,0
566,5,1275,19.91,42.296,69.653,438.923,0.007945,0
567,5,1290,20.438,38.65,62.473,431.366,0.007434,0
568,5,1305,20.48,38.876,52.897,423.634,0.007478,0
569,5,1320,20.047,37.834,22.016,424.867,0.007268,0
570,5,1335,19.99,39.248,42.994,416.492,0.007505,0
571,5,1350,19.913,39.625,94.627,424.599,0.007537,0
572,5,1365,20.073,39.975,58.698,421.812,0.00761,0
573,5,1380,20.303,40.354,48.788,417.957,0.007672,0
574,5,1395,20.018,36.938,21.184,426.285,0.007161,0
575,5,1410,20.527,37.805,76.546,422.343,0.00732,0
576,5,1425,20.84,38.961,35.068,424.959,0.007497,0
577,6,0,18.77,46.966,16.993,416.928,0.008536,0
578,6,15,18.375,45.822,33.785,416.085,0.008358,0
579,6,30,19.282,44.53,26.446,406.063,0.008231,0
580,6,45,18.938,42.66,25.02,399.001,0.007897,0
581,6,60,18.061,44.435,75.26,392.353,0.008101,0
582,6,75,19.178,43.944,31.781,390.922,0.008131,0
583,6,90,18.064,45.928,83.271,390.566,0.008333,0
584,6,105,18.381,44.703,92.442,398.446,0.008163,0
585,6,120,18.854,45.37,54.971,404.102,0.008306,0
586,6,135,19.073,44.686,41.726,400.725,0.008221,0
587,6,150,19.129,44.137,50.413,392.221,0.008168,0
588,6,165,18.039,44.622,35.605,389.642,0.008117,0
589,6,180,18.756,44.422,24.715,398.501,0.008159,0
590,6,195,18.576,43.553,75.221,410.1,0.008031,0
591,6,210,18.993,46.741,45.684,419.065,0.008518,0
592,6,225,18.83,43.736,63.311,412.308,0.008048,0
593,6,240,18.269,42.784,33.612,417.966,0.007888,0
594,6,255,18.669,44.126,37.172,424.798,0.008132,0
595,6,270,18.456,46.936,90.938,414.455,0.008528,0
596,6,285,18.277,46.924,79.649,422.342,0.008486,0
597,6,300,19.03,44.692,72.96,411.798,0.008225,0
598,6,315,19.304,44.86,68.241,408.649,0.008266,0
599,6,330,19.246,45.129,32.278,413.058,0.008297,0
600,6,345,18.31,42.844,64.164,410.031,0.007878,0
601,6,360,19.053,42.262,14.527,417.463,0.007862,0
602,6,375,18.171,43.04,20.863,420.378,0.007927,0
603,6,390,18.383,45.264,92.219,426.745,0.008245,0
604,6,405,19.581,45.392,120.966,424.587,0.008363,0
605,6,420,18.978,45.692,113.873,422.662,0.008364,0
606,6,435,19.29,42.117,154.183,417.4,0.007874,0
607,6,450,19.378,40.557,136.737,412.505,0.007629,0
608,6,465,21.017,38.557,267.339,444.055,0.007496,1
609,6,480,20.61,41.775,181.747,441.698,0.007915,0
610,6,495,20.812,38.927,211.088,429.561,0.007517,0
611,6,510,20.827,38.426,232.497,435.812,0.007436,0
612,6,525,20.882,40.847,207.275,443.379,0.007786,0
613,6,540,21.649,37.39,384.33,450.215,0.007337,0
614,6,555,21.146,36.892,238.797,442.275,0.007243,0
615,6,570,21.675,37.359,291.759,434.075,0.007343,0
616,6,585,21.294,39.527,291.5,431.478,0.007639,0
617,6,600,22.842,35.815,422.746,463.866,0.007217,1
618,6,615,22.894,35.703,485.793,479.875,0.007216,1
619,6,630,23.608,38.528,454.164,505.646,0.007686,1
620,6,645,23.515,35.983,526.527,513.809,0.007291,1
621,6,660,23.925,36.715,595.529,526.533,0.007444,1
622,6,675,23.422,33.422,611.432,538.356,0.006896,1
623,6,690,24.843,36.579,528.579,564.797,0.007481,1
624,6,705,24.306,35.647,499.163,575.299,0.007315,1
625,6,720,24.241,36.763,513.962,598.956,0.007489,1
626,6,735,23.253,36.442,515.042,595.986,0.007328,1
627,6,750,23.561,32.301,547.189,595.311,0.006748,1
628,6,765,23.672,34.184,498.538,587.89,0.007044,1
629,6,780,22.954,37.995,483.952,559.71,0.007538,0
630,6,795,23.096,37.796,373.118,533.521,0.007528,0
631,6,810,23.147,36.09,499.994,515.955,0.007269,0
632,6,825,23.039,39.334,385.059,496.648,0.007725,0
633,6,840,23.174,38.663,353.413,477.65,0.007671,0
634,6,855,22.144,37.899,348.278,469.634,0.007437,0
635,6,870,22.73,35.615,373.372,468.736,0.007146,0
636,6,885,22.822,34.59,339.903,458.136,0.007026,0
637,6,900,21.867,36.729,340.139,461.305,0.007265,0
638,6,915,22.585,36.079,340.059,466.834,0.007203,0
639,6,930,21.855,37.845,336.292,470.594,0.007406,0
640,6,945,21.983,36.201,315.731,461.265,0.007194,0
641,6,960,22.376,39.13,348.268,464.902,0.007672,0
642,6,975,21.355,40.975,316.613,450.445,0.00785,0
643,6,990,21.28,37.644,260.389,457.143,0.007365,0
644,6,1005,20.981,39.696,300.094,460.663,0.007625,0
645,6,1020,21.902,42.515,349.649,465.31,0.008146,0
646,6,1035,20.56,39.232,275.211,464.869,0.00754,0
647,6,1050,20.772,43.103,259.638,469.016,0.008118,0
648,6,1065,20.97,41.735,189.555,464.609,0.007927,0
649,6,1080,20.221,42.61,189.233,459.307,0.008013,0
650,6,1095,20.632,41.97,142.317,447.842,0.007927,0
651,6,1110,19.939,42.002,329.259,459.442,0.007906,0
652,6,1125,20.329,45.026,133.816,450.857,0.008379,0
653,6,1140,18.858,44.777,105.059,443.038,0.00823,0
654,6,1155,19.238,46.059,119.404,440.728,0.008446,0
655,6,1170,19.9,44.559,221.539,447.614,0.008278,0
656,6,1185,18.118,43.788,46.621,440.001,0.008031,0
657,6,1200,18.824,42.517,54.425,429.73,0.007897,0
658,6,1215,18.174,46.573,89.779,432.877,0.008425,0
659,6,1230,18.259,45.518,70.861,424.774,0.008287,0
660,6,1245,19.206,46.672,71.343,415.919,0.008522,0
661,6,1260,18.708,44.363,77.45,416.665,0.008169,0
662,6,1275,19.026,47.32,58.501,420.575,0.008606,0
663,6,1290,18.953,44.561,37.0,426.416,0.008198,0
664,6,1305,18.198,43.348,63.295,420.215,0.007956,0
665,6,1320,18.034,47.155,30.982,422.144,0.008515,0
666,6,1335,18.807,43.582,56.977,424.521,0.008044,0
667,6,1350,18.22,45.87,14.085,431.763,0.008345,0
668,6,1365,19.223,42.486,46.024,423.273,0.007918,0
669,6,1380,18.8,46.621,25.903,421.898,0.0085,0
670,6,1395,18.416,44.276,42.831,412.159,0.008112,0
671,6,1410,18.202,46.102,34.051,413.695,0.008372,0
672,6,1425,18.169,46.298,63.834,425.17,0.008398,0
673,7,0,19.913,44.993,55.133,435.44,0.008336,0
674,7,15,19.797,46.76,52.37,426.545,0.008602,0
675,7,30,19.123,43.355,63.539,417.354,0.008047,0
676,7,45,19.659,45.09,58.075,420.697,0.008317,0
677,7,60,20.148,44.945,53.562,416.739,0.008334,0
678,7,75,20.063,46.671,13.446,409.994,0.008599,0
679,7,90,20.312,47.686,65.235,410.788,0.008783,0
680,7,105,19.557,47.611,45.772,417.23,0.00872,0
681,7,120,19.531,46.222,28.494,421.643,0.008508,0
682,7,135,20.382,44.792,13.619,432.086,0.008354,0
683,7,150,19.628,46.554,83.626,436.169,0.008562,0
684,7,165,19.659,46.005,30.962,433.171,0.008491,0
685,7,180,19.267,47.617,76.334,440.684,0.008682,0
686,7,195,19.771,44.286,88.585,443.316,0.008226,0
687,7,210,20.255,47.825,89.794,444.406,0.008779,0
688,7,225,20.049,46.146,11.345,450.989,0.008533,0
689,7,240,19.728,43.48,54.729,450.768,0.008093,0
690,7,255,20.281,45.018,27.174,442.162,0.008368,0
691,7,270,19.315,44.753,12.282,442.207,0.008259,0
692,7,285,19.535,44.014,70.166,434.774,0.008155,0
693,7,300,19.562,45.706,21.926,432.357,0.008428,0
694,7,315,19.676,44.223,61.074,432.915,0.008221,0
695,7,330,19.527,47.799,70.883,435.124,0.008733,0
696,7,345,19.727,43.959,79.279,442.543,0.008171,0
697,7,360,20.044,45.827,30.462,433.761,0.008492,0
698,7,375,19.658,47.084,69.061,438.463,0.008651,0
699,7,390,20.018,44.632,72.052,429.005,0.008307,0
700,7,405,19.784,46.742,120.23,424.094,0.0086,0
701,7,420,20.419,43.984,125.261,424.657,0.00825,0
702,7,435,21.2,44.489,158.543,422.676,0.008381,0
703,7,450,21.244,41.135,190.093,423.987,0.007869,0
704,7,465,21.34,44.83,145.565,433.538,0.008415,0
705,7,480,22.851,40.188,325.719,458.237,0.00786,1
706,7,495,22.9,37.619,314.464,468.731,0.007496,1
707,7,510,23.176,38.956,367.435,494.774,0.00771,1
708,7,525,22.948,37.263,337.004,519.303,0.007441,1
709,7,540,23.415,36.657,411.538,537.243,0.007386,1
710,7,555,23.808,38.182,394.607,543.395,0.007647,1
711,7,570,23.323,37.761,460.215,558.867,0.007536,1
712,7,585,23.345,35.348,577.024,564.71,0.007187,1
713,7,600,24.555,37.488,475.729,583.842,0.007605,1
714,7,615,24.151,36.621,437.208,589.282,0.007448,1
715,7,630,24.241,37.409,463.646,602.289,0.007573,1
716,7,645,25.332,34.89,504.509,625.253,0.007299,1
717,7,660,25.107,34.358,612.035,628.74,0.007201,1
718,7,675,24.46,33.952,489.455,632.619,0.007068,1
719,7,690,24.691,38.855,534.849,625.267,0.007805,1
720,7,705,24.953,33.667,513.676,616.155,0.007048,1
721,7,720,23.656,35.359,386.444,600.348,0.007187,0
722,7,735,23.351,35.423,362.581,580.725,0.007168,0
723,7,750,24.279,37.443,417.884,569.403,0.007553,0
724,7,765,23.589,37.463,435.895,557.422,0.007496,0
725,7,780,25.351,34.904,541.95,569.352,0.007268,1
726,7,795,25.359,37.199,532.165,571.586,0.007637,1
727,7,810,24.383,38.22,523.437,580.122,0.007722,1
728,7,825,25.761,38.453,519.184,604.304,0.007863,1
729,7,840,25.134,35.387,663.919,610.468,0.007348,1
730,7,855,25.118,34.33,519.93,614.213,0.007192,1
731,7,870,23.723,36.405,476.595,584.156,0.00734,0
732,7,885,25.14,38.979,514.196,591.835,0.007863,1
733,7,900,25.12,37.032,533.591,602.726,0.007592,1
734,7,915,24.665,39.261,466.297,601.993,0.007899,1
735,7,930,23.803,38.702,584.976,599.272,0.007712,1
736,7,945,24.205,39.831,472.867,593.485,0.007931,1
737,7,960,24.251,40.045,469.553,586.739,0.00795,1
738,7,975,24.417,36.094,450.219,599.054,0.007394,1
739,7,990,23.825,38.493,461.511,600.163,0.007697,1
740,7,1005,23.597,35.993,448.034,608.339,0.007306,1
741,7,1020,23.588,38.603,405.567,618.632,0.007681,1
742,7,1035,23.098,41.056,510.736,610.482,0.008008,1
743,7,1050,22.456,42.414,214.709,578.491,0.008164,0
744,7,1065,22.009,42.638,208.234,549.858,0.008158,0
745,7,1080,21.933,42.282,232.848,524.09,0.008079,0
746,7,1095,21.072,44.747,341.821,514.883,0.008405,0
747,7,1110,21.136,45.878,114.998,495.612,0.008579,0
748,7,1125,20.201,45.107,103.626,479.328,0.008364,0
749,7,1140,20.491,42.624,122.755,479.2,0.008017,0
750,7,1155,19.937,46.669,89.104,478.95,0.008615,0
751,7,1170,20.669,45.889,44.843,479.277,0.008549,0
752,7,1185,19.585,43.843,25.049,470.297,0.008151,0
753,7,1200,20.325,43.449,19.397,471.904,0.008148,0
754,7,1215,20.054,43.257,181.071,460.836,0.008099,0
755,7,1230,20.171,47.547,69.158,449.472,0.008751,0
756,7,1245,20.341,46.64,14.16,438.895,0.008623,0
757,7,1260,20.139,45.169,11.384,430.812,0.008371,0
758,7,1275,19.592,47.483,56.337,423.338,0.008701,0
759,7,1290,19.373,47.682,68.56,433.246,0.008701,0
760,7,1305,19.177,46.832,34.945,430.22,0.008552,0
761,7,1320,19.177,47.367,88.688,421.863,0.008651,0
762,7,1335,20.285,47.261,60.787,417.811,0.0087,0
763,7,1350,20.134,45.047,19.237,423.304,0.008383,0
764,7,1365,19.733,45.934,85.801,415.096,0.008486,0
765,7,1380,19.298,47.252,64.09,426.147,0.00862,0
766,7,1395,19.199,43.986,82.539,424.498,0.008121,0
767,7,1410,19.906,47.643,64.592,426.412,0.008726,0
768,7,1425,19.234,48.02,52.094,436.547,0.008745,0
769,8,0,19.753,39.816,59.675,443.181,0.007556,0
770,8,15,19.439,43.472,14.365,439.754,0.008087,0
771,8,30,20.056,42.452,79.988,436.337,0.007962,0
772,8,45,20.384,43.303,22.148,429.884,0.008132,0
773,8,60,19.829,41.922,83.065,434.138,0.007856,0
774,8,75,20.569,40.253,77.348,429.591,0.007682,0
775,8,90,19.525,42.987,38.964,418.16,0.008007,0
776,8,105,20.138,42.432,77.166,409.162,0.007991,0
777,8,120,20.662,41.761,85.59,401.904,0.007912,0
778,8,135,19.661,41.113,16.628,408.681,0.007728,0
779,8,150,19.58,40.663,89.888,411.802,0.007684,0
780,8,165,19.726,39.959,33.458,416.75,0.007563,0
781,8,180,20.065,40.933,21.308,421.756,0.007752,0
782,8,195,20.24,42.463,90.411,428.339,0.008006,0
783,8,210,20.028,38.432,86.427,422.683,0.007385,0
784,8,225,20.339,40.763,84.499,422.816,0.007747,0
785,8,240,20.137,38.723,40.123,421.243,0.007425,0
786,8,255,20.566,39.284,90.586,424.277,0.007534,0
787,8,270,19.857,41.306,69.537,431.285,0.007782,0
788,8,285,20.459,38.945,32.841,429.584,0.007497,0
789,8,300,19.892,40.537,24.974,437.765,0.00768,0
790,8,315,20.524,41.863,66.974,428.01,0.007911,0
791,8,330,19.597,39.442,26.498,428.424,0.007465,0
792,8,345,19.917,41.007,24.658,423.047,0.007761,0
793,8,360,19.622,40.548,37.898,411.776,0.007662,0
794,8,375,20.377,40.583,37.531,422.531,0.007737,0
795,8,390,20.446,42.504,70.444,426.388,0.008021,0
796,8,405,20.678,38.651,87.039,433.121,0.00745,0
797,8,420,21.043,39.698,91.768,441.131,0.007629,0
798,8,435,22.033,38.003,235.0,461.655,0.007471,1
799,8,450,21.92,40.548,142.23,448.911,0.00785,0
800,8,465,21.3,36.957,212.878,453.676,0.007231,0
801,8,480,23.451,37.329,308.443,479.16,0.007514,1
802,8,495,23.148,32.862,439.593,494.302,0.006816,1
803,8,510,24.185,32.44,353.926,528.703,0.006817,1
804,8,525,22.99,32.567,368.39,539.644,0.006726,1
805,8,540,23.74,33.717,354.711,537.14,0.006967,1
806,8,555,24.056,35.735,402.926,545.705,0.007312,1
807,8,570,25.282,30.743,445.186,566.604,0.006657,1
808,8,585,24.466,30.692,439.483,573.467,0.006595,1
809,8,600,25.468,30.456,423.177,584.25,0.006623,1
810,8,615,24.566,34.637,464.767,593.202,0.007168,1
811,8,630,25.152,33.743,490.358,590.841,0.007101,1
812,8,645,25.816,28.929,486.607,601.746,0.006424,1
813,8,660,24.463,29.863,588.176,611.472,0.006461,1
814,8,675,25.082,32.654,470.17,610.426,0.006908,1
815,8,690,24.86,30.269,536.429,618.949,0.006553,1
816,8,705,24.569,32.647,492.608,625.725,0.006868,1
817,8,720,23.697,33.528,529.833,591.748,0.006936,0
818,8,735,24.675,32.436,472.892,562.755,0.00683,0
819,8,750,24.696,34.643,367.99,554.45,0.007159,0
820,8,765,24.925,34.761,381.652,530.848,0.007208,0
821,8,780,24.837,30.971,489.175,534.12,0.00664,1
822,8,795,25.966,28.3,505.411,543.318,0.006351,1
823,8,810,25.924,28.803,515.541,548.672,0.006403,1
824,8,825,25.405,28.478,494.33,573.201,0.006332,1
825,8,840,25.345,29.547,529.407,584.881,0.006499,1
826,8,855,25.644,29.142,479.777,595.399,0.006442,1
827,8,870,25.094,28.827,504.595,600.639,0.006335,1
828,8,885,24.497,33.6,542.736,592.186,0.007039,1
829,8,900,24.422,33.318,513.266,589.451,0.00698,1
830,8,915,24.983,31.098,483.05,594.186,0.006679,1
831,8,930,24.158,30.517,474.592,598.908,0.006516,1
832,8,945,25.359,34.837,573.743,615.582,0.00726,1
833,8,960,25.303,33.995,596.049,619.754,0.00715,1
834,8,975,24.681,33.084,476.448,608.279,0.006954,1
835,8,990,23.879,32.943,385.319,609.732,0.006886,1
836,8,1005,23.381,34.744,408.831,601.171,0.007109,1
837,8,1020,23.632,35.906,395.018,599.841,0.007296,1
838,8,1035,24.083,33.32,338.686,591.052,0.006958,1
839,8,1050,22.761,35.556,312.709,567.119,0.007149,0
840,8,1065,22.227,37.398,243.611,539.906,0.00738,0
841,8,1080,21.884,37.11,376.721,531.214,0.007333,0
842,8,1095,21.694,40.509,162.496,515.455,0.007815,0
843,8,1110,21.572,37.342,154.133,509.829,0.007321,0
844,8,1125,21.02,38.725,163.837,505.366,0.007504,0
845,8,1140,20.271,42.01,106.878,489.092,0.007933,0
846,8,1155,20.085,38.812,58.953,487.427,0.007428,0
847,8,1170,20.559,39.116,100.854,477.86,0.007514,0
848,8,1185,20.272,40.467,77.315,463.89,0.007673,0
849,8,1200,20.183,39.176,91.818,463.952,0.00749,0
850,8,1215,20.231,42.29,47.433,460.132,0.007967,0
851,8,1230,19.625,38.826,68.566,450.922,0.007391,0
852,8,1245,19.516,39.123,45.645,454.333,0.007436,0
853,8,1260,19.96,38.619,27.121,444.616,0.007403,0
854,8,1275,20.0,41.606,14.108,434.168,0.007826,0
855,8,1290,20.289,38.969,82.612,442.671,0.007468,0
856,8,1305,19.542,41.352,83.842,448.763,0.007762,0
857,8,1320,19.55,43.265,71.836,437.404,0.008038,0
858,8,1335,20.111,42.626,90.773,444.81,0.007993,0
859,8,1350,19.592,42.501,38.66,443.688,0.007938,0
860,8,1365,19.982,38.791,25.713,451.184,0.007415,0
861,8,1380,20.07,40.082,90.692,443.404,0.007615,0
862,8,1395,20.576,43.23,41.492,445.341,0.008143,0
863,8,1410,20.22,42.696,66.627,451.998,0.00803,0
864,8,1425,20.151,39.715,91.513,445.141,0.007582,0
865,9,0,19.114,44.886,93.151,436.746,0.008246,0
866,9,15,18.205,47.671,87.935,437.626,0.008622,0
867,9,30,17.975,47.538,80.149,445.202,0.008568,0
868,9,45,18.864,47.595,79.9,449.315,0.008656,0
869,9,60,18.714,47.241,72.974,444.769,0.008564,0
870,9,75,18.751,47.115,22.432,439.611,0.008572,0
871,9,90,18.136,45.577,92.452,444.531,0.008298,0
872,9,105,18.962,44.474,51.183,446.761,0.008179,0
873,9,120,18.971,43.798,45.818,436.552,0.008102,0
874,9,135,18.223,47.995,88.541,437.802,0.008662,0
875,9,150,18.189,46.613,25.176,433.488,0.008444,0
876,9,165,18.41,47.99,20.857,436.679,0.008669,0
877,9,180,18.807,43.349,70.939,427.869,0.008021,0
878,9,195,18.574,43.415,82.932,429.127,0.008018,0
879,9,210,18.475,44.973,23.259,423.416,0.008214,0
880,9,225,18.412,46.518,49.486,412.233,0.008436,0
881,9,240,18.824,46.68,70.51,418.359,0.008498,0
882,9,255,18.364,44.001,87.291,429.484,0.008087,0
883,9,270,18.904,42.94,32.307,430.979,0.007945,0
884,9,285,19.19,45.819,59.761,424.388,0.008408,0
885,9,300,18.103,44.463,55.556,415.981,0.008102,0
886,9,315,19.064,47.361,73.817,425.84,0.008621,0
887,9,330,18.921,44.163,37.293,433.778,0.008131,0
888,9,345,18.128,47.463,66.223,438.686,0.008552,0
889,9,360,17.978,44.143,70.301,435.045,0.008079,0
890,9,375,18.422,46.602,53.942,433.085,0.008478,0
891,9,390,18.332,46.99,48.482,424.217,0.008515,0
892,9,405,19.221,44.896,134.919,424.284,0.008275,0
893,9,420,19.706,44.924,147.646,413.341,0.008322,0
894,9,435,19.72,45.971,162.967,406.523,0.008456,0
895,9,450,19.783,45.512,161.814,397.268,0.008428,0
896,9,465,19.851,43.788,192.449,410.059,0.008159,0
897,9,480,22.096,39.34,288.863,436.008,0.007707,1
898,9,495,22.138,41.929,429.631,464.638,0.008067,1
899,9,510,21.951,37.323,360.763,480.594,0.007387,1
900,9,525,22.176,40.887,499.385,495.894,0.007943,1
901,9,540,22.495,40.366,404.021,508.137,0.007872,1
902,9,555,20.996,40.981,245.911,497.458,0.007832,0
903,9,570,23.068,37.746,395.041,502.774,0.007543,1
904,9,585,22.124,35.153,400.219,507.009,0.00706,1
905,9,600,22.554,35.826,416.328,519.444,0.007183,1
906,9,615,22.887,34.562,495.249,525.859,0.007039,1
907,9,630,22.861,39.229,506.014,529.074,0.007721,1
908,9,645,22.783,36.551,443.572,530.352,0.007312,1
909,9,660,24.016,36.697,493.233,542.517,0.007465,1
910,9,675,23.377,34.816,471.104,539.92,0.007097,1
911,9,690,22.226,38.273,387.376,524.117,0.007524,0
912,9,705,23.633,35.442,475.763,527.077,0.007213,1
913,9,720,23.211,37.639,360.886,515.755,0.007516,0
914,9,735,23.07,39.748,419.197,509.481,0.007812,0
915,9,750,22.81,37.502,402.102,502.674,0.007463,0
916,9,765,22.748,35.919,357.769,501.396,0.007204,0
917,9,780,23.657,36.342,489.748,509.765,0.007352,1
918,9,795,24.381,34.349,538.01,529.327,0.007129,1
919,9,810,24.426,37.157,542.277,544.169,0.00756,1
920,9,825,23.51,36.759,538.946,543.909,0.007403,1
921,9,840,24.985,34.362,496.566,553.275,0.007154,1
922,9,855,24.107,37.796,596.616,550.482,0.007615,1
923,9,870,23.289,34.846,497.638,547.651,0.007125,1
924,9,885,23.534,36.87,519.935,564.519,0.007431,1
925,9,900,22.898,36.746,638.05,579.819,0.007377,1
926,9,915,22.777,40.36,321.271,556.068,0.007874,0
927,9,930,23.358,35.689,564.394,570.209,0.00724,1
928,9,945,23.428,36.007,464.024,565.859,0.00729,1
929,9,960,22.422,38.619,444.884,565.176,0.007619,1
930,9,975,23.17,39.175,426.82,560.209,0.007736,1
931,9,990,20.999,38.535,330.042,535.999,0.007443,0
932,9,1005,22.878,35.762,420.94,549.574,0.007221,1
933,9,1020,22.397,38.924,378.019,562.164,0.007667,1
934,9,1035,21.507,41.849,238.802,538.617,0.008,0
935,9,1050,21.254,42.724,218.51,517.724,0.008101,0
936,9,1065,20.845,39.488,250.46,501.243,0.007574,0
937,9,1080,20.643,40.127,151.541,498.019,0.007674,0
938,9,1095,20.373,45.218,140.043,478.976,0.008408,0
939,9,1110,19.255,43.809,122.379,467.454,0.008121,0
940,9,1125,19.999,46.183,140.171,470.435,0.008532,0
941,9,1140,19.163,42.726,139.03,469.109,0.007949,0
942,9,1155,18.782,43.464,102.221,470.319,0.008017,0
943,9,1170,19.287,42.587,38.531,472.828,0.00793,0
944,9,1185,18.643,45.925,56.777,464.174,0.008371,0
945,9,1200,18.503,47.899,52.121,469.285,0.008678,0
946,9,1215,18.856,43.41,70.18,471.363,0.008005,0
947,9,1230,18.902,47.972,42.024,475.139,0.008712,0
948,9,1245,18.675,42.911,23.878,465.695,0.00795,0
949,9,1260,18.96,43.482,60.528,450.282,0.008055,0
950,9,1275,18.996,45.423,21.276,443.318,0.008348,0
951,9,1290,18.667,47.727,76.633,439.975,0.008661,0
952,9,1305,18.588,45.267,48.794,436.458,0.008292,0
953,9,1320,18.795,44.98,30.557,432.181,0.008252,0
954,9,1335,18.888,46.303,83.74,435.278,0.008459,0
955,9,1350,18.661,43.379,57.986,426.678,0.008004,0
956,9,1365,18.673,43.746,50.97,434.608,0.008041,0
957,9,1380,17.956,47.091,31.604,437.379,0.008516,0
958,9,1395,18.72,44.936,14.779,443.257,0.008219,0
959,9,1410,19.049,44.463,32.603,431.988,0.008177,0
960,9,1425,18.264,43.188,36.771,428.509,0.007926,0
961,10,0,19.472,40.145,45.677,423.621,0.007574,0
962,10,15,19.229,42.564,60.226,423.032,0.007933,0
963,10,30,19.044,40.955,45.194,422.32,0.007663,0
964,10,45,19.315,43.748,67.708,416.461,0.00811,0
965,10,60,19.494,38.822,64.407,410.361,0.007402,0
966,10,75,19.982,41.363,46.595,420.571,0.007801,0
967,10,90,20.044,39.972,92.655,409.514,0.007617,0
968,10,105,20.057,40.481,40.519,413.681,0.00768,0
969,10,120,19.926,41.506,36.254,412.136,0.007805,0
970,10,135,19.329,40.771,62.277,423.143,0.007655,0
971,10,150,19.305,42.567,49.028,417.176,0.007949,0
972,10,165,19.745,38.441,69.115,420.737,0.007326,0
973,10,180,19.84,40.666,86.203,425.121,0.007698,0
974,10,195,19.809,38.786,13.6,431.812,0.00741,0
975,10,210,20.022,42.986,41.069,423.293,0.00806,0
976,10,225,19.567,43.595,48.345,416.771,0.008085,0
977,10,240,19.431,38.856,62.529,412.829,0.007392,0
978,10,255,19.437,39.925,86.979,418.242,0.007532,0
979,10,270,19.48,43.224,58.805,418.322,0.008044,0
980,10,285,19.852,41.517,16.49,410.344,0.007798,0
981,10,300,19.262,41.282,76.709,404.724,0.00774,0
982,10,315,19.658,39.769,58.05,405.543,0.007555,0
983,10,330,19.033,43.609,47.334,418.171,0.008055,0
984,10,345,19.435,42.603,85.239,412.33,0.007936,0
985,10,360,18.972,39.442,17.872,414.831,0.007415,0
986,10,375,19.544,38.715,34.184,408.069,0.007363,0
987,10,390,19.868,42.32,83.08,412.28,0.007931,0
988,10,405,19.804,39.203,57.875,409.545,0.007477,0
989,10,420,20.547,41.079,125.637,412.536,0.007789,0
990,10,435,20.393,41.058,98.123,405.238,0.007807,0
991,10,450,21.041,36.198,168.816,408.313,0.007105,0
992,10,465,21.44,36.664,181.13,413.229,0.007195,0
993,10,480,22.837,36.665,312.726,446.469,0.007358,1
994,10,495,22.051,36.082,307.813,472.459,0.007184,1
995,10,510,22.682,36.372,356.88,483.314,0.007302,1
996,10,525,22.592,37.819,227.461,484.191,0.007491,0
997,10,540,23.026,31.536,401.717,503.211,0.006575,1
998,10,555,23.288,32.199,384.716,525.012,0.006724,1
999,10,570,24.199,34.097,410.375,536.936,0.007089,1
1000,10,585,23.686,34.811,519.975,539.531,0.007117,1
1001,10,600,23.569,34.18,489.477,544.28,0.007042,1
1002,10,615,23.882,30.175,424.123,543.701,0.006448,1
1003,10,630,23.608,29.648,449.438,544.488,0.006371,1
1004,10,645,23.911,29.346,513.882,561.384,0.006316,1
1005,10,660,23.939,34.236,477.975,561.501,0.007083,1
1006,10,675,25.195,33.725,534.381,557.759,0.00708,1
1007,10,690,24.48,30.703,518.16,574.522,0.006574,1
1008,10,705,23.761,34.576,366.455,546.151,0.007099,0
1009,10,720,24.279,31.2,350.812,530.367,0.006629,0
1010,10,735,24.015,32.781,389.795,516.337,0.006831,0
1011,10,750,23.855,31.362,384.416,514.043,0.006616,0
1012,10,765,24.355,32.034,378.138,511.309,0.006756,0
1013,10,780,24.415,28.573,525.338,519.887,0.006262,1
1014,10,795,24.841,30.407,555.012,526.675,0.006564,1
1015,10,810,24.679,28.62,556.515,536.955,0.006293,1
1016,10,825,24.27,28.444,619.739,539.047,0.006221,1
1017,10,840,24.484,32.28,562.806,558.526,0.006831,1
1018,10,855,24.454,33.059,659.713,562.587,0.006931,1
1019,10,870,24.654,32.87,480.338,566.022,0.006912,1
1020,10,885,24.92,33.03,521.288,570.45,0.00698,1
1021,10,900,24.702,30.167,490.146,576.482,0.006516,1
1022,10,915,23.691,33.764,513.162,576.98,0.006977,1
1023,10,930,24.25,31.308,434.773,587.22,0.006673,1
1024,10,945,24.229,33.139,472.66,598.027,0.006948,1
1025,10,960,23.503,30.674,457.299,598.397,0.006517,1
1026,10,975,23.737,34.25,437.475,604.297,0.007039,1
1027,10,990,23.78,31.13,387.385,605.389,0.006579,1
1028,10,1005,22.883,34.109,528.058,596.455,0.006985,1
1029,10,1020,23.108,35.465,392.338,600.362,0.007206,1
1030,10,1035,22.702,31.936,348.308,591.926,0.006623,1
1031,10,1050,22.278,36.591,232.927,576.515,0.007262,0
1032,10,1065,21.842,36.115,218.633,564.553,0.007152,0
1033,10,1080,21.646,37.461,225.708,540.242,0.007354,0
1034,10,1095,20.774,40.233,153.763,528.631,0.007689,0
1035,10,1110,21.166,37.046,153.353,526.428,0.007252,0
1036,10,1125,20.123,40.603,120.046,512.577,0.00769,0
1037,10,1140,19.837,40.689,136.085,498.853,0.0077,0
1038,10,1155,19.508,37.937,130.342,485.587,0.007261,0
1039,10,1170,19.957,39.151,113.109,469.803,0.007482,0
1040,10,1185,19.016,38.861,37.894,464.589,0.007346,0
1041,10,1200,19.846,39.212,41.079,453.005,0.007451,0
1042,10,1215,19.871,43.037,79.167,452.146,0.008054,0
1043,10,1230,19.366,38.646,11.392,454.282,0.007357,0
1044,10,1245,19.276,38.864,46.421,460.932,0.007365,0
1045,10,1260,19.252,43.293,77.942,463.29,0.008021,0
1046,10,1275,19.105,40.184,58.213,451.266,0.007544,0
1047,10,1290,19.122,39.549,40.952,440.333,0.007458,0
1048,10,1305,19.562,38.722,79.467,441.192,0.007368,0
1049,10,1320,19.357,41.706,93.581,429.889,0.007806,0
1050,10,1335,19.188,43.723,61.389,439.294,0.008101,0
1051,10,1350,19.867,40.212,64.37,445.426,0.007614,0
1052,10,1365,19.401,41.76,60.143,439.787,0.007822,0
1053,10,1380,20.25,39.655,62.773,446.141,0.007561,0
1054,10,1395,19.771,38.688,42.46,438.53,0.007371,0
1055,10,1410,20.166,41.702,90.454,441.57,0.007862,0
1056,10,1425,19.954,41.269,93.116,442.239,0.007778,0
1057,11,0,18.426,47.603,66.861,434.033,0.008622,0
1058,11,15,18.221,44.327,48.158,421.482,0.008121,0
1059,11,30,18.549,43.318,28.154,412.323,0.007985,0
1060,11,45,18.032,42.963,71.899,409.097,0.007896,0
1061,11,60,18.048,44.123,48.655,413.388,0.008053,0
1062,11,75,18.989,44.756,25.092,412.892,0.008233,0
1063,11,90,18.79,46.969,12.664,411.136,0.008563,0
1064,11,105,18.498,43.381,72.038,406.86,0.007986,0
1065,11,120,18.513,42.928,22.479,407.761,0.007906,0
1066,11,135,18.376,46.587,52.282,418.595,0.008476,0
1067,11,150,18.361,46.115,60.418,416.757,0.008368,0
1068,11,165,18.46,43.613,47.649,411.761,0.008035,0
1069,11,180,18.36,46.381,69.502,416.07,0.008443,0
1070,11,195,17.77,47.079,64.0,420.423,0.008491,0
1071,11,210,18.317,46.339,32.36,422.62,0.008434,0
1072,11,225,18.727,46.134,88.018,420.054,0.008422,0
1073,11,240,17.97,44.894,80.699,414.611,0.008164,0
1074,11,255,18.222,44.25,45.575,423.538,0.008104,0
1075,11,270,18.734,44.454,22.988,428.586,0.008184,0
1076,11,285,19.008,47.097,11.133,418.092,0.008593,0
1077,11,300,18.678,43.481,42.471,422.81,0.008004,0
1078,11,315,18.311,47.086,26.594,412.77,0.008515,0
1079,11,330,18.898,44.815,63.654,416.375,0.008249,0
1080,11,345,18.216,44.075,39.741,418.694,0.008068,0
1081,11,360,17.804,46.736,11.607,420.665,0.008454,0
1082,11,375,17.762,45.848,96.085,426.335,0.008315,0
1083,11,390,18.562,44.044,108.08,436.563,0.008104,0
1084,11,405,18.746,41.788,83.209,430.841,0.007752,0
1085,11,420,19.444,45.945,84.772,431.782,0.008462,0
1086,11,435,19.805,42.547,144.602,433.863,0.007965,0
1087,11,450,20.268,45.365,180.16,421.566,0.008421,0
1088,11,465,19.645,42.019,181.734,419.181,0.007879,0
1089,11,480,21.663,42.583,367.095,449.936,0.008157,1
1090,11,495,20.863,39.834,350.178,476.993,0.007664,1
1091,11,510,21.769,39.56,393.014,485.651,0.007693,1
1092,11,525,21.379,40.286,391.74,491.54,0.007771,1
1093,11,540,22.479,39.955,370.968,500.423,0.007811,1
1094,11,555,22.193,39.341,495.482,517.792,0.007711,1
1095,11,570,22.519,37.023,442.824,534.049,0.00737,1
1096,11,585,22.906,35.817,406.149,534.092,0.007209,1
1097,11,600,22.169,36.298,481.139,553.19,0.007241,1
1098,11,615,22.271,41.123,313.452,534.238,0.007957,0
1099,11,630,22.599,35.869,478.037,542.463,0.007194,1
1100,11,645,23.031,36.767,455.334,554.205,0.00739,1
1101,11,660,23.842,33.858,536.084,565.444,0.007005,1
1102,11,675,23.147,38.455,488.581,578.004,0.007628,1
1103,11,690,22.816,37.627,482.836,581.569,0.007485,1
1104,11,705,24.112,35.696,502.273,588.894,0.007323,1
1105,11,720,22.255,38.101,360.362,576.464,0.007491,0
1106,11,735,22.983,38.862,407.519,556.754,0.007654,0
1107,11,750,22.16,35.254,413.601,545.521,0.007041,0
1108,11,765,23.278,34.816,432.267,528.855,0.007098,0
1109,11,780,23.833,32.569,570.343,553.294,0.006816,1
1110,11,795,23.037,33.638,528.478,564.235,0.006927,1
1111,11,810,24.005,36.02,551.066,577.754,0.007349,1
1112,11,825,23.092,32.865,524.008,585.337,0.006798,1
1113,11,840,22.243,38.375,410.699,558.481,0.007535,0
1114,11,855,22.953,32.983,550.276,571.158,0.006791,1
1115,11,870,24.045,37.329,508.837,587.635,0.007546,1
1116,11,885,23.636,38.368,655.995,583.293,0.00767,1
1117,11,900,22.714,33.888,469.672,579.045,0.006923,1
1118,11,915,23.696,35.434,488.812,592.467,0.007249,1
1119,11,930,21.985,39.739,353.19,570.559,0.007723,0
1120,11,945,22.628,36.949,439.228,566.47,0.007385,1
1121,11,960,23.1,39.601,460.039,565.446,0.007802,1
1122,11,975,22.187,36.703,592.339,568.594,0.007284,1
1123,11,990,22.378,35.307,444.103,584.461,0.007114,1
1124,11,1005,22.565,38.666,403.138,579.902,0.007645,1
1125,11,1020,22.006,36.362,361.695,595.978,0.007217,1
1126,11,1035,21.459,40.933,355.286,586.878,0.007872,1
1127,11,1050,21.097,39.171,365.711,562.597,0.007576,0
1128,11,1065,20.802,41.711,218.166,554.209,0.007908,0
1129,11,1080,19.901,43.222,230.51,538.801,0.008079,0
1130,11,1095,19.388,39.585,173.906,516.966,0.007474,0
1131,11,1110,19.055,44.065,193.758,509.895,0.008124,0
1132,11,1125,18.984,46.007,159.732,499.157,0.008411,0
1133,11,1140,19.647,45.531,98.743,497.532,0.008419,0
1134,11,1155,18.371,41.913,114.618,498.015,0.007743,0
1135,11,1170,18.724,44.728,106.753,498.821,0.008204,0
1136,11,1185,18.376,45.355,97.014,497.9,0.008281,0
1137,11,1200,18.909,46.703,70.989,493.009,0.008528,0
1138,11,1215,18.961,47.136,84.948,484.867,0.008592,0
1139,11,1230,18.602,47.464,54.975,471.034,0.008591,0
1140,11,1245,18.963,44.893,42.844,462.122,0.008235,0
1141,11,1260,18.426,46.817,20.901,452.65,0.008488,0
1142,11,1275,18.464,43.743,36.605,458.26,0.008044,0
1143,11,1290,18.327,45.985,52.014,450.495,0.008368,0
1144,11,1305,17.731,47.511,26.637,443.636,0.008529,0
1145,11,1320,18.393,43.386,21.403,440.522,0.007966,0
1146,11,1335,18.239,44.201,46.981,431.068,0.008102,0
1147,11,1350,18.816,43.432,40.714,428.287,0.008014,0
1148,11,1365,17.971,42.751,44.142,432.659,0.007866,0
1149,11,1380,18.348,46.251,33.327,429.404,0.008407,0
1150,11,1395,18.147,46.806,85.068,428.316,0.00849,0
1151,11,1410,17.867,43.13,12.777,419.74,0.007899,0
1152,11,1425,18.607,44.441,93.021,424.995,0.008152,0
1153,12,0,18.481,42.5,31.955,430.263,0.007868,0
1154,12,15,19.35,40.749,70.343,435.851,0.007668,0
1155,12,30,19.573,42.948,64.296,427.995,0.007993,0
1156,12,45,19.491,42.025,62.783,418.036,0.007845,0
1157,12,60,19.106,40.933,39.239,417.814,0.007669,0
1158,12,75,18.633,41.209,40.486,416.274,0.007665,0
1159,12,90,18.351,43.808,28.806,416.107,0.008056,0
1160,12,105,19.516,41.673,36.566,407.705,0.007793,0
1161,12,120,18.713,43.789,41.356,415.314,0.008067,0
1162,12,135,18.556,41.788,85.524,407.747,0.007762,0
1163,12,150,19.469,43.302,26.996,413.72,0.00807,0
1164,12,165,18.729,43.699,94.13,407.918,0.008062,0
1165,12,180,18.999,41.052,84.674,417.143,0.007694,0
1166,12,195,18.866,43.654,87.511,407.976,0.008054,0
1167,12,210,18.311,42.993,69.523,401.255,0.007896,0
1168,12,225,19.185,43.785,44.389,407.568,0.008117,0
1169,12,240,19.259,41.789,76.467,406.878,0.0078,0
1170,12,255,18.566,43.539,84.849,414.847,0.008014,0
1171,12,270,18.677,40.871,70.493,416.613,0.007612,0
1172,12,285,18.334,40.467,85.223,426.419,0.007528,0
1173,12,300,18.607,44.249,55.906,414.679,0.00812,0
1174,12,315,18.391,43.588,57.139,420.204,0.008006,0
1175,12,330,18.357,44.207,80.21,414.003,0.008118,0
1176,12,345,18.981,45.119,76.368,420.894,0.008271,0
1177,12,360,19.133,44.51,64.282,421.906,0.00822,0
1178,12,375,19.066,44.106,76.429,414.102,0.00813,0
1179,12,390,19.735,39.604,48.554,407.88,0.007534,0
1180,12,405,19.76,42.206,55.07,401.919,0.007899,0
1181,12,420,19.15,38.488,93.709,413.089,0.007324,0
1182,12,435,20.248,42.121,143.337,411.232,0.007919,0
1183,12,450,20.382,37.36,132.761,403.123,0.00722,0
1184,12,465,21.036,42.006,139.699,410.343,0.007977,0
1185,12,480,20.635,39.334,186.522,404.091,0.007544,0
1186,12,495,21.05,36.423,236.432,397.262,0.007139,0
1187,12,510,21.638,35.434,340.411,392.233,0.007052,0
1188,12,525,21.811,39.487,210.764,388.295,0.007652,0
1189,12,540,21.664,35.139,295.015,401.337,0.00702,0
1190,12,555,21.836,37.895,245.503,407.257,0.007423,0
1191,12,570,22.431,37.429,445.921,415.622,0.007417,0
1192,12,585,21.607,37.049,288.333,413.74,0.007295,0
1193,12,600,23.327,36.725,552.851,428.281,0.007415,1
1194,12,615,23.279,34.931,456.373,456.545,0.007115,1
1195,12,630,23.412,33.551,477.657,475.674,0.006938,1
1196,12,645,23.748,34.394,505.936,496.261,0.007068,1
1197,12,660,22.838,37.341,514.705,477.42,0.007422,0
1198,12,675,23.598,30.88,532.275,503.71,0.006556,1
1199,12,690,23.484,35.28,646.931,513.769,0.007172,1
1200,12,705,24.244,30.152,544.275,533.467,0.006464,1
1201,12,720,24.785,34.17,611.55,547.064,0.007138,1
1202,12,735,24.029,31.404,548.551,558.912,0.006644,1
1203,12,750,24.506,32.262,606.649,572.362,0.006827,1
1204,12,765,24.746,32.212,547.019,575.199,0.006818,1
1205,12,780,22.721,32.274,405.0,550.391,0.006646,0
1206,12,795,23.612,33.725,378.742,537.866,0.006961,0
1207,12,810,22.783,31.751,357.272,525.992,0.006599,0
1208,12,825,22.579,34.558,411.461,509.074,0.006992,0
1209,12,840,23.715,34.476,391.328,504.77,0.00705,0
1210,12,855,22.846,33.021,492.374,487.885,0.006791,0
1211,12,870,22.432,33.873,395.08,470.961,0.006888,0
1212,12,885,22.978,36.544,349.967,457.179,0.007318,0
1213,12,900,23.262,36.501,372.303,458.632,0.007322,0
1214,12,915,22.843,37.42,336.759,460.274,0.007434,0
1215,12,930,23.026,36.802,330.382,449.035,0.007367,0
1216,12,945,22.375,37.254,298.582,453.701,0.00738,0
1217,12,960,21.698,34.808,472.92,442.209,0.006948,0
1218,12,975,22.417,34.821,421.185,434.177,0.007032,0
1219,12,990,21.979,33.945,439.715,430.296,0.006864,0
1220,12,1005,22.155,39.422,264.274,433.069,0.007686,0
1221,12,1020,21.67,38.082,279.704,425.887,0.007459,0
1222,12,1035,20.868,37.115,207.452,422.721,0.007235,0
1223,12,1050,21.622,37.902,191.741,427.494,0.007432,0
1224,12,1065,20.662,37.511,250.84,426.293,0.007288,0
1225,12,1080,20.06,37.055,188.675,428.623,0.007156,0
1226,12,1095,20.274,41.887,161.131,426.05,0.007904,0
1227,12,1110,20.783,40.943,134.568,428.309,0.007787,0
1228,12,1125,19.691,41.584,165.849,427.857,0.00782,0
1229,12,1140,19.179,43.134,101.837,432.484,0.007991,0
1230,12,1155,19.43,42.437,66.8,435.313,0.007914,0
1231,12,1170,18.575,43.465,83.466,424.188,0.008012,0
1232,12,1185,19.592,44.841,75.584,428.893,0.008286,0
1233,12,1200,18.475,44.478,20.543,438.165,0.008146,0
1234,12,1215,19.169,44.299,176.56,439.071,0.008197,0
1235,12,1230,19.556,41.99,56.871,429.436,0.007858,0
1236,12,1245,19.546,42.868,12.207,435.207,0.007974,0
1237,12,1260,19.411,43.554,65.509,432.414,0.008082,0
1238,12,1275,18.963,43.922,20.524,423.792,0.008102,0
1239,12,1290,18.988,41.774,81.988,427.485,0.007783,0
1240,12,1305,19.486,44.437,94.611,433.318,0.008208,0
1241,12,1320,18.818,42.417,74.145,441.119,0.007852,0
1242,12,1335,18.325,41.261,46.334,432.488,0.007653,0
1243,12,1350,18.893,40.334,92.28,440.098,0.007558,0
1244,12,1365,19.246,39.68,42.47,431.613,0.007483,0
1245,12,1380,19.373,44.09,45.836,424.533,0.008179,0
1246,12,1395,18.482,41.734,79.603,431.03,0.007743,0
1247,12,1410,19.574,40.992,92.773,422.945,0.00772,0
1248,12,1425,19.034,40.359,64.447,433.094,0.007564,0
1249,13,0,20.615,42.712,64.041,437.776,0.00807,0
1250,13,15,20.293,45.201,28.116,426.695,0.008401,0
1251,13,30,19.61,43.851,88.33,416.625,0.008142,0
1252,13,45,20.164,43.425,41.082,411.304,0.008143,0
1253,13,60,19.893,44.256,77.028,418.296,0.008236,0
1254,13,75,20.389,43.463,59.666,409.776,0.008149,0
1255,13,90,19.941,44.898,18.793,410.876,0.008324,0
1256,13,105,20.212,40.011,17.18,422.074,0.007602,0
1257,13,120,19.981,44.975,78.918,414.78,0.008325,0
1258,13,135,20.362,40.064,92.977,426.269,0.007638,0
1259,13,150,19.78,44.042,88.833,418.759,0.00817,0
1260,13,165,19.772,44.743,20.642,412.681,0.008286,0
1261,13,180,20.796,41.387,51.452,423.531,0.007866,0
1262,13,195,20.543,42.665,54.063,420.906,0.008031,0
1263,13,210,20.727,41.462,43.997,422.637,0.007888,0
1264,13,225,20.814,42.62,85.16,420.643,0.008068,0
1265,13,240,20.363,42.292,58.64,417.793,0.007978,0
1266,13,255,19.618,42.752,60.297,413.514,0.007995,0
1267,13,270,20.032,40.056,26.112,410.392,0.007623,0
1268,13,285,20.428,41.971,76.479,403.235,0.007923,0
1269,13,300,20.179,44.342,86.494,406.603,0.008261,0
1270,13,315,19.708,41.445,62.064,416.645,0.007808,0
1271,13,330,20.122,44.123,37.694,413.09,0.008216,0
1272,13,345,20.861,42.247,21.424,406.684,0.007999,0
1273,13,360,19.944,43.493,82.913,419.017,0.008136,0
1274,13,375,20.125,44.85,90.3,408.996,0.008343,0
1275,13,390,20.896,43.381,56.38,415.897,0.008175,0
1276,13,405,20.899,41.033,111.805,415.391,0.007841,0
1277,13,420,20.836,41.796,75.568,405.996,0.007917,0
1278,13,435,21.488,40.287,106.957,400.882,0.007778,0
1279,13,450,22.121,42.597,184.814,397.889,0.008171,0
1280,13,465,21.168,38.738,182.237,407.417,0.007495,0
1281,13,480,21.9,37.14,221.597,414.494,0.007339,0
1282,13,495,21.685,38.939,215.681,418.703,0.007595,0
1283,13,510,22.086,37.209,191.486,420.146,0.007363,0
1284,13,525,22.054,40.572,206.384,409.417,0.007839,0
1285,13,540,22.426,38.034,381.778,418.573,0.00751,0
1286,13,555,23.003,39.46,371.263,415.744,0.007778,0
1287,13,570,22.775,35.53,261.351,412.012,0.007166,0
1288,13,585,23.673,34.975,336.535,406.086,0.007121,0
1289,13,600,25.072,32.073,445.703,422.869,0.006837,1
1290,13,615,24.746,34.93,483.09,455.022,0.007231,1
1291,13,630,24.801,33.446,490.038,476.839,0.007039,1
1292,13,645,25.233,31.13,571.567,498.2,0.006713,1
1293,13,660,25.357,35.455,594.883,505.142,0.007378,1
1294,13,675,25.46,30.851,502.869,522.135,0.006684,1
1295,13,690,25.006,30.532,483.535,541.476,0.006586,1
1296,13,705,23.904,33.167,345.396,530.841,0.006902,0
1297,13,720,25.371,31.25,488.162,547.357,0.00674,1
1298,13,735,25.003,30.586,490.802,550.575,0.006618,1
1299,13,750,25.155,32.419,516.337,547.004,0.006889,1
1300,13,765,25.956,34.705,537.476,546.045,0.00731,1
1301,13,780,24.962,35.031,364.897,530.872,0.007241,0
1302,13,795,24.809,32.438,432.638,520.619,0.006869,0
1303,13,810,24.405,36.761,394.997,503.382,0.007474,0
1304,13,825,25.077,33.198,351.366,493.818,0.00698,0
1305,13,840,24.995,36.001,368.2,495.288,0.0074,0
1306,13,855,24.93,35.183,514.733,481.933,0.007263,0
1307,13,870,23.964,35.164,457.266,470.23,0.007189,0
1308,13,885,23.962,33.61,397.754,467.839,0.006969,0
1309,13,900,24.698,33.331,366.508,452.874,0.006964,0
1310,13,915,24.115,34.828,389.301,440.088,0.007144,0
1311,13,930,24.042,34.524,346.387,441.711,0.00709,0
1312,13,945,23.13,36.171,339.381,440.114,0.007271,0
1313,13,960,23.441,35.056,472.989,442.377,0.007132,0
1314,13,975,22.74,36.757,341.86,437.952,0.007343,0
1315,13,990,23.197,34.687,293.193,437.241,0.007051,0
1316,13,1005,22.355,38.863,306.377,434.297,0.0076,0
1317,13,1020,22.588,35.272,241.865,432.173,0.007091,0
1318,13,1035,22.914,35.427,218.547,422.884,0.007157,0
1319,13,1050,22.851,37.235,210.646,433.299,0.007394,0
1320,13,1065,21.526,39.366,297.306,422.834,0.007615,0
1321,13,1080,21.878,36.745,159.43,420.395,0.007281,0
1322,13,1095,21.782,41.496,187.997,428.252,0.007972,0
1323,13,1110,21.075,41.95,167.128,420.019,0.007988,0
1324,13,1125,20.972,41.585,173.224,419.862,0.007922,0
1325,13,1140,20.49,40.67,108.794,409.494,0.007738,0
1326,13,1155,20.796,42.443,283.333,417.592,0.008012,0
1327,13,1170,20.461,43.38,56.567,428.479,0.008138,0
1328,13,1185,20.055,43.788,45.998,417.843,0.008179,0
1329,13,1200,20.015,43.893,77.083,413.225,0.008196,0
1330,13,1215,20.765,43.501,42.628,413.417,0.008193,0
1331,13,1230,20.582,42.831,21.871,410.336,0.008089,0
1332,13,1245,20.099,40.14,82.571,403.998,0.007613,0
1333,13,1260,20.193,44.144,93.432,412.706,0.008246,0
1334,13,1275,19.8,44.886,74.488,411.823,0.008299,0
1335,13,1290,20.675,40.296,75.122,415.148,0.007712,0
1336,13,1305,20.482,42.003,94.065,417.353,0.007927,0
1337,13,1320,19.946,41.015,24.616,424.575,0.00776,0
1338,13,1335,20.392,43.633,28.097,430.846,0.008192,0
1339,13,1350,20.284,40.291,26.566,434.604,0.007683,0
1340,13,1365,20.656,43.082,50.794,429.598,0.00812,0
1341,13,1380,19.661,42.282,42.594,419.005,0.007898,0
1342,13,1395,19.727,41.179,61.525,415.405,0.007744,0
1343,13,1410,19.901,43.827,16.708,424.129,0.008185,0
1344,13,1425,20.683,45.106,53.004,421.416,0.008403,0
